-- phpMyAdmin SQL Dump
-- version 4.0.4.2
-- http://www.phpmyadmin.net
--
-- Máquina: localhost
-- Data de Criação: 29-Nov-2022 às 18:17
-- Versão do servidor: 5.6.13
-- versão do PHP: 5.4.17

SET SQL_MODE = "NO_AUTO_VALUE_ON_ZERO";
SET time_zone = "+00:00";


/*!40101 SET @OLD_CHARACTER_SET_CLIENT=@@CHARACTER_SET_CLIENT */;
/*!40101 SET @OLD_CHARACTER_SET_RESULTS=@@CHARACTER_SET_RESULTS */;
/*!40101 SET @OLD_COLLATION_CONNECTION=@@COLLATION_CONNECTION */;
/*!40101 SET NAMES utf8 */;

--
-- Base de Dados: `bd_produto`
--
CREATE DATABASE IF NOT EXISTS `bd_produto` DEFAULT CHARACTER SET utf8mb4 COLLATE utf8mb4_general_ci;
USE `bd_produto`;

-- --------------------------------------------------------

--
-- Estrutura da tabela `alunos`
--

CREATE TABLE IF NOT EXISTS `alunos` (
  `matricula` varchar(5) NOT NULL,
  `nome` varchar(50) NOT NULL,
  `endereco` varchar(50) NOT NULL,
  `cidade` varchar(30) NOT NULL,
  `codcurso` char(2) NOT NULL,
  PRIMARY KEY (`matricula`)
) ENGINE=InnoDB DEFAULT CHARSET=utf8mb4;

--
-- Extraindo dados da tabela `alunos`
--

INSERT INTO `alunos` (`matricula`, `nome`, `endereco`, `cidade`, `codcurso`) VALUES
('10001', 'Marcos Moraes', 'Rua Pe Roque, 2057', 'Mogi Mirim', '01'),
('10002', 'Maria Conceição Lopes', 'Rua Araras, 23', 'Mogi Guaçu', '01'),
('10003', 'Ana Carina Lopes', 'Rua Peraltas, 222', 'Santos', '01'),
('10004', 'Carlos Aguiar ', 'Rua Botafogo, 33', 'Santos', '01'),
('10005', 'André Luiz dos Santos', 'Rua Lopes Conte, 3343', 'Sapucaí', '01'),
('10006', 'Pedro Antonio Pimenta', 'Rua Altair Lopes, 33', 'Itapira', '02'),
('10007', 'Rita de Cássia da Silva', 'Rua Eletromais, 33', 'Itapira', '02'),
('10008', 'Caique dos Santos', 'Rua das Amoreiras, 55', 'Campinas', '02'),
('10009', 'Carlos Tavares', 'Rua Peixe, 99', 'Santos', '02'),
('10010', 'Antonio Carlos Caetano', 'Rua Josefina Alface, 987', 'Campinas', '02'),
('10011', 'Ricardo Moreira', 'Rua do Pinhal, 332', 'Aparecida', '03'),
('10012', 'Richadson S.P. Campeao', 'Rua do Tricolor, 433', 'São Paulo', '03'),
('10013', 'Junior Camisa Seis', 'Rua do Morumbi, 433', 'São Paulo', '03'),
('10014', 'Carina Melo', 'Rua Osvaldo Ramos, 88', 'Mogi Guaçu', '03'),
('10015', 'Pedro Mello', 'Rua Itororó, 3999', 'Mogi Mirim', '03');

-- --------------------------------------------------------

--
-- Estrutura da tabela `cursos`
--

CREATE TABLE IF NOT EXISTS `cursos` (
  `codcurso` char(2) NOT NULL,
  `nome` varchar(50) NOT NULL,
  `coddisc1` char(2) NOT NULL,
  `coddisc2` char(2) NOT NULL,
  `coddisc3` char(2) NOT NULL,
  PRIMARY KEY (`codcurso`)
) ENGINE=InnoDB DEFAULT CHARSET=utf8mb4;

--
-- Extraindo dados da tabela `cursos`
--

INSERT INTO `cursos` (`codcurso`, `nome`, `coddisc1`, `coddisc2`, `coddisc3`) VALUES
('01', 'Auxiliar de Informática', '11', '12', '13'),
('02', 'Programador de Computadores', '21', '22', '23'),
('03', 'Técnico em Informática', '31', '32', '33');

-- --------------------------------------------------------

--
-- Estrutura da tabela `disciplinas`
--

CREATE TABLE IF NOT EXISTS `disciplinas` (
  `CodDisciplina` char(2) NOT NULL,
  `NomeDisciplina` varchar(30) NOT NULL,
  PRIMARY KEY (`CodDisciplina`)
) ENGINE=InnoDB DEFAULT CHARSET=utf8mb4;

--
-- Extraindo dados da tabela `disciplinas`
--

INSERT INTO `disciplinas` (`CodDisciplina`, `NomeDisciplina`) VALUES
('11', 'Banco de Dados'),
('12', 'Lógica de Programação'),
('13', 'Desenvolvimento de software 1'),
('21', 'Banco de Dados 2'),
('22', 'Desenvolvimento de software 2'),
('23', 'Programação de Computadores 1'),
('31', 'Banco de Dados 3'),
('32', 'Programação de Computadores 2'),
('33', 'Desenvolvimento de software 3');

-- --------------------------------------------------------

--
-- Estrutura da tabela `produto`
--

CREATE TABLE IF NOT EXISTS `produto` (
  `id` int(11) NOT NULL AUTO_INCREMENT,
  `nome` varchar(50) NOT NULL,
  `estoque` int(11) NOT NULL,
  PRIMARY KEY (`id`)
) ENGINE=InnoDB  DEFAULT CHARSET=utf8mb4 AUTO_INCREMENT=6 ;

--
-- Extraindo dados da tabela `produto`
--

INSERT INTO `produto` (`id`, `nome`, `estoque`) VALUES
(1, 'caderno', 50),
(2, 'lapis', 100),
(3, 'borracha', 80),
(4, 'caneta', 70),
(5, 'lapiseira', 35);

-- --------------------------------------------------------

--
-- Estrutura da tabela `usuario`
--

CREATE TABLE IF NOT EXISTS `usuario` (
  `Login` varchar(10) NOT NULL,
  `Senha` int(10) NOT NULL
) ENGINE=InnoDB DEFAULT CHARSET=utf8mb4;

--
-- Extraindo dados da tabela `usuario`
--

INSERT INTO `usuario` (`Login`, `Senha`) VALUES
('higor', 123);

/*!40101 SET CHARACTER_SET_CLIENT=@OLD_CHARACTER_SET_CLIENT */;
/*!40101 SET CHARACTER_SET_RESULTS=@OLD_CHARACTER_SET_RESULTS */;
/*!40101 SET COLLATION_CONNECTION=@OLD_COLLATION_CONNECTION */;
